,Dataset,Number of Total Matches,Detector/Descriptor,Number of Good Matches,Recall Rate of Matches,1 - Precision Rate of Matches,F-Score
0,Industrial_Estate,28.49107142857143,BRISK+FREAK,0.2543845663265306,0.00892857142857143,0.9910714285714284,0.008928571428571468
1,Industrial_Estate,65.80357142857143,BRISK+FREAK,0.5875318877551021,0.008928571428571428,0.9910714285714284,0.008928571428571468
2,Industrial_Estate,29.482142857142854,BRISK+FREAK,0.2632334183673469,0.008928571428571428,0.9910714285714286,0.008928571428571412
3,Industrial_Estate,20.5625,BRISK+FREAK,0.18359375,0.008928571428571428,0.9910714285714286,0.008928571428571412
4,Industrial_Estate,53.53571428571429,BRISK+FREAK,0.4779974489795918,0.008928571428571428,0.9910714285714284,0.008928571428571468
5,Industrial_Estate,219.98214285714286,BRISK+FREAK,1.964126275510204,0.008928571428571428,0.9910714285714284,0.008928571428571468
6,Industrial_Estate,285.69642857142856,BRISK+FREAK,2.550860969387754,0.00892857142857143,0.9910714285714284,0.008928571428571468
7,Industrial_Estate,329.39285714285717,BRISK+FREAK,2.9410076530612246,0.008928571428571428,0.9910714285714286,0.008928571428571412
8,Industrial_Estate,286.13392857142856,BRISK+FREAK,2.554767219387754,0.00892857142857143,0.9910714285714284,0.008928571428571468
9,Industrial_Estate,168.29464285714286,BRISK+FREAK,1.5026307397959184,0.008928571428571428,0.9910714285714286,0.008928571428571412
10,Industrial_Estate,177.375,BRISK+FREAK,1.5837053571428572,0.008928571428571428,0.9910714285714286,0.008928571428571412
11,Industrial_Estate,168.4375,BRISK+FREAK,1.50390625,0.008928571428571428,0.9910714285714286,0.008928571428571412
12,Industrial_Estate,26.625,BRISK+FREAK,0.2377232142857143,0.008928571428571428,0.9910714285714284,0.008928571428571468
13,Industrial_Estate,51.75,BRISK+FREAK,0.4620535714285714,0.00892857142857143,0.9910714285714286,0.008928571428571412
14,Industrial_Estate,99.4375,BRISK+FREAK,0.8878348214285714,0.008928571428571428,0.9910714285714286,0.008928571428571412
15,Industrial_Estate,213.4375,BRISK+FREAK,1.9056919642857144,0.008928571428571428,0.9910714285714284,0.008928571428571468
16,Industrial_Estate,254.91964285714286,BRISK+FREAK,2.2760682397959178,0.008928571428571428,0.9910714285714286,0.008928571428571412
17,Industrial_Estate,246.38392857142856,BRISK+FREAK,2.199856505102041,0.00892857142857143,0.9910714285714284,0.008928571428571468
18,Industrial_Estate,107.94642857142857,BRISK+FREAK,0.9638073979591836,0.008928571428571428,0.9910714285714284,0.008928571428571468
19,Industrial_Estate,30.6875,BRISK+FREAK,0.2739955357142857,0.008928571428571428,0.9910714285714286,0.008928571428571412
20,Industrial_Estate,25.82142857142857,BRISK+FREAK,0.2305484693877551,0.008928571428571428,0.9910714285714284,0.008928571428571468
21,Industrial_Estate,33.276785714285715,BRISK+FREAK,0.2971141581632653,0.008928571428571428,0.9910714285714284,0.008928571428571468
22,Industrial_Estate,56.25,BRISK+FREAK,0.5022321428571429,0.00892857142857143,0.9910714285714284,0.008928571428571468
23,Industrial_Estate,117.80357142857143,BRISK+FREAK,1.0518176020408163,0.008928571428571428,0.9910714285714286,0.008928571428571412
24,Industrial_Estate,88.44642857142857,BRISK+FREAK,0.7897002551020408,0.008928571428571428,0.9910714285714284,0.008928571428571468
25,Industrial_Estate,21.607142857142854,BRISK+FREAK,0.19292091836734696,0.00892857142857143,0.9910714285714286,0.008928571428571412
26,Industrial_Estate,29.00892857142857,BRISK+FREAK,0.2590082908163265,0.008928571428571428,0.9910714285714286,0.008928571428571412
27,Industrial_Estate,25.57142857142857,BRISK+FREAK,0.22831632653061226,0.008928571428571428,0.9910714285714284,0.008928571428571468
28,Industrial_Estate,26.17857142857143,BRISK+FREAK,0.2337372448979592,0.008928571428571428,0.9910714285714286,0.008928571428571412
29,Industrial_Estate,25.94642857142857,BRISK+FREAK,0.2316645408163265,0.008928571428571428,0.9910714285714286,0.008928571428571412
30,Industrial_Estate,16.678571428571427,BRISK+FREAK,0.1489158163265306,0.008928571428571428,0.9910714285714284,0.008928571428571468
31,Industrial_Estate,27.94642857142857,BRISK+FREAK,0.2495216836734694,0.00892857142857143,0.9910714285714286,0.008928571428571412
32,Industrial_Estate,49.91964285714285,BRISK+FREAK,0.4457110969387755,0.008928571428571428,0.9910714285714286,0.008928571428571412
33,Industrial_Estate,26.357142857142854,BRISK+FREAK,0.2353316326530613,0.008928571428571428,0.9910714285714286,0.008928571428571412
34,Industrial_Estate,24.5,BRISK+FREAK,0.21875,0.008928571428571428,0.9910714285714286,0.008928571428571412
35,Industrial_Estate,28.151785714285715,BRISK+FREAK,0.2513552295918368,0.00892857142857143,0.9910714285714286,0.008928571428571412
36,Industrial_Estate,66.11607142857143,BRISK+FREAK,0.5903220663265306,0.008928571428571428,0.9910714285714284,0.008928571428571468
37,Industrial_Estate,72.52678571428571,BRISK+FREAK,0.6475605867346939,0.00892857142857143,0.9910714285714284,0.008928571428571468
38,Industrial_Estate,43.0625,BRISK+FREAK,0.3844866071428572,0.008928571428571428,0.9910714285714286,0.008928571428571412
39,Industrial_Estate,66.82142857142857,BRISK+FREAK,0.5966198979591837,0.00892857142857143,0.9910714285714284,0.008928571428571468
40,Industrial_Estate,42.375,BRISK+FREAK,0.3783482142857143,0.00892857142857143,0.9910714285714284,0.008928571428571468
41,Industrial_Estate,28.830357142857146,BRISK+FREAK,0.2574139030612245,0.008928571428571428,0.9910714285714286,0.008928571428571412
42,Industrial_Estate,75.83035714285714,BRISK+FREAK,0.6770567602040816,0.008928571428571428,0.9910714285714286,0.008928571428571412
43,Industrial_Estate,85.79464285714286,BRISK+FREAK,0.7660235969387755,0.008928571428571428,0.9910714285714284,0.008928571428571468
44,Industrial_Estate,99.03571428571428,BRISK+FREAK,0.8842474489795918,0.008928571428571428,0.9910714285714286,0.008928571428571412
45,Industrial_Estate,145.21428571428572,BRISK+FREAK,1.2965561224489797,0.008928571428571428,0.9910714285714286,0.008928571428571412
46,Industrial_Estate,55.651785714285715,BRISK+FREAK,0.4968909438775511,0.008928571428571428,0.9910714285714284,0.008928571428571468
47,Industrial_Estate,32.589285714285715,BRISK+FREAK,0.2909757653061225,0.008928571428571428,0.9910714285714286,0.008928571428571412
48,Industrial_Estate,34.44642857142857,BRISK+FREAK,0.30755739795918363,0.008928571428571428,0.9910714285714284,0.008928571428571468
49,Industrial_Estate,27.38392857142857,BRISK+FREAK,0.24449936224489802,0.008928571428571428,0.9910714285714286,0.008928571428571412
50,Industrial_Estate,27.598214285714285,BRISK+FREAK,0.2464126275510204,0.008928571428571428,0.9910714285714286,0.008928571428571412
51,Industrial_Estate,26.19642857142857,BRISK+FREAK,0.2338966836734694,0.00892857142857143,0.9910714285714286,0.008928571428571412
52,Industrial_Estate,19.892857142857142,BRISK+FREAK,0.17761479591836735,0.008928571428571428,0.9910714285714286,0.008928571428571412
53,Industrial_Estate,15.026785714285715,BRISK+FREAK,0.13416772959183673,0.008928571428571428,0.9910714285714284,0.008928571428571468
54,Industrial_Estate,18.035714285714285,BRISK+FREAK,0.16103316326530612,0.008928571428571428,0.9910714285714286,0.008928571428571412
55,Industrial_Estate,25.63392857142857,BRISK+FREAK,0.22887436224489802,0.008928571428571428,0.9910714285714286,0.008928571428571412
56,Industrial_Estate,19.767857142857142,BRISK+FREAK,0.17649872448979592,0.00892857142857143,0.9910714285714284,0.008928571428571468
57,Industrial_Estate,35.11607142857143,BRISK+FREAK,0.3135363520408164,0.00892857142857143,0.9910714285714286,0.008928571428571412
58,Industrial_Estate,31.142857142857146,BRISK+FREAK,0.2780612244897959,0.008928571428571428,0.9910714285714286,0.008928571428571412
59,Industrial_Estate,21.473214285714285,BRISK+FREAK,0.1917251275510204,0.008928571428571428,0.9910714285714286,0.008928571428571412
60,Industrial_Estate,20.633928571428573,BRISK+FREAK,0.18423150510204084,0.00892857142857143,0.9910714285714286,0.008928571428571412
61,Industrial_Estate,43.20535714285715,BRISK+FREAK,0.3857621173469388,0.00892857142857143,0.9910714285714286,0.008928571428571412
62,Industrial_Estate,42.151785714285715,BRISK+FREAK,0.3763552295918368,0.00892857142857143,0.9910714285714286,0.008928571428571412
63,Industrial_Estate,20.446428571428573,BRISK+FREAK,0.1825573979591837,0.008928571428571428,0.9910714285714286,0.008928571428571412
64,Industrial_Estate,45.67857142857143,BRISK+FREAK,0.4078443877551021,0.008928571428571428,0.9910714285714284,0.008928571428571468
65,Industrial_Estate,55.24107142857143,BRISK+FREAK,0.4932238520408164,0.00892857142857143,0.9910714285714286,0.008928571428571412
66,Industrial_Estate,190.01785714285717,BRISK+FREAK,1.6965880102040816,0.008928571428571428,0.9910714285714284,0.008928571428571468
67,Industrial_Estate,175.66964285714286,BRISK+FREAK,1.5684789540816326,0.008928571428571428,0.9910714285714286,0.008928571428571412
68,Industrial_Estate,323.50892857142856,BRISK+FREAK,2.8884725765306123,0.00892857142857143,0.9910714285714286,0.008928571428571412
69,Industrial_Estate,94.90178571428572,BRISK+FREAK,0.8473373724489796,0.008928571428571428,0.9910714285714286,0.008928571428571412
70,Industrial_Estate,272.99107142857144,BRISK+FREAK,2.4374202806122454,0.008928571428571428,0.9910714285714286,0.008928571428571412
71,Industrial_Estate,262.75892857142856,BRISK+FREAK,2.346061862244898,0.008928571428571428,0.9910714285714286,0.008928571428571412
72,Industrial_Estate,370.5535714285714,BRISK+FREAK,3.3085140306122454,0.008928571428571428,0.9910714285714286,0.008928571428571412
73,Industrial_Estate,336.7232142857143,BRISK+FREAK,3.006457270408163,0.008928571428571428,0.9910714285714284,0.008928571428571468
74,Industrial_Estate,258.4642857142857,BRISK+FREAK,2.307716836734694,0.00892857142857143,0.9910714285714286,0.008928571428571412
75,Industrial_Estate,243.07142857142856,BRISK+FREAK,2.170280612244898,0.008928571428571428,0.9910714285714284,0.008928571428571468
76,Industrial_Estate,221.30357142857144,BRISK+FREAK,1.9759247448979589,0.008928571428571428,0.9910714285714286,0.008928571428571412
77,Industrial_Estate,103.99107142857143,BRISK+FREAK,0.9284917091836736,0.008928571428571428,0.9910714285714286,0.008928571428571412
78,Industrial_Estate,47.05357142857143,BRISK+FREAK,0.42012117346938777,0.008928571428571428,0.9910714285714284,0.008928571428571468
79,Industrial_Estate,17.160714285714285,BRISK+FREAK,0.15322066326530612,0.008928571428571428,0.9910714285714286,0.008928571428571412
80,Industrial_Estate,33.401785714285715,BRISK+FREAK,0.2982302295918368,0.00892857142857143,0.9910714285714286,0.008928571428571412
81,Industrial_Estate,37.00892857142857,BRISK+FREAK,0.33043686224489793,0.008928571428571428,0.9910714285714286,0.008928571428571412
82,Industrial_Estate,41.214285714285715,BRISK+FREAK,0.3679846938775511,0.008928571428571428,0.9910714285714284,0.008928571428571468
83,Industrial_Estate,26.089285714285715,BRISK+FREAK,0.23294005102040816,0.00892857142857143,0.9910714285714286,0.008928571428571412
84,Industrial_Estate,32.9375,BRISK+FREAK,0.29408482142857145,0.00892857142857143,0.9910714285714286,0.008928571428571412
85,Industrial_Estate,37.125,BRISK+FREAK,0.3314732142857143,0.00892857142857143,0.9910714285714284,0.008928571428571468
86,Industrial_Estate,57.42857142857143,BRISK+FREAK,0.5127551020408163,0.008928571428571428,0.9910714285714286,0.008928571428571412
87,Industrial_Estate,76.49107142857143,BRISK+FREAK,0.6829559948979592,0.008928571428571428,0.9910714285714288,0.008928571428571357
88,Industrial_Estate,32.875,BRISK+FREAK,0.2935267857142857,0.008928571428571428,0.9910714285714286,0.008928571428571412
89,Industrial_Estate,56.5625,BRISK+FREAK,0.5050223214285714,0.008928571428571428,0.9910714285714286,0.008928571428571412
90,Industrial_Estate,66.45535714285714,BRISK+FREAK,0.5933514030612245,0.008928571428571428,0.9910714285714286,0.008928571428571412
91,Industrial_Estate,90.52678571428572,BRISK+FREAK,0.8082748724489796,0.008928571428571428,0.9910714285714286,0.008928571428571412
92,Industrial_Estate,49.66071428571429,BRISK+FREAK,0.4433992346938776,0.008928571428571428,0.9910714285714286,0.008928571428571412
93,Industrial_Estate,43.64285714285715,BRISK+FREAK,0.3896683673469388,0.00892857142857143,0.9910714285714286,0.008928571428571412
94,Industrial_Estate,10.678571428571429,BRISK+FREAK,0.09534438775510204,0.008928571428571428,0.9910714285714286,0.008928571428571412
95,Industrial_Estate,33.410714285714285,BRISK+FREAK,0.29830994897959184,0.00892857142857143,0.9910714285714284,0.008928571428571468
96,Industrial_Estate,35.74107142857143,BRISK+FREAK,0.31911670918367346,0.008928571428571428,0.9910714285714284,0.008928571428571468
97,Industrial_Estate,33.50892857142857,BRISK+FREAK,0.29918686224489793,0.008928571428571428,0.9910714285714288,0.008928571428571357
98,Industrial_Estate,87.6607142857143,BRISK+FREAK,0.7826849489795918,0.008928571428571428,0.9910714285714286,0.008928571428571412
99,Industrial_Estate,171.01785714285714,BRISK+FREAK,1.5269451530612244,0.008928571428571428,0.9910714285714284,0.008928571428571468
100,Industrial_Estate,203.19642857142856,BRISK+FREAK,1.8142538265306123,0.008928571428571428,0.9910714285714286,0.008928571428571412
101,Industrial_Estate,339.17857142857144,BRISK+FREAK,3.0283801020408165,0.008928571428571428,0.9910714285714284,0.008928571428571468
102,Industrial_Estate,111.11607142857143,BRISK+FREAK,0.9921077806122448,0.008928571428571428,0.9910714285714286,0.008928571428571412
103,Industrial_Estate,85.38392857142857,BRISK+FREAK,0.7623565051020408,0.008928571428571428,0.9910714285714284,0.008928571428571468
104,Industrial_Estate,47.875,BRISK+FREAK,0.4274553571428572,0.008928571428571428,0.9910714285714286,0.008928571428571412
105,Industrial_Estate,36.160714285714285,BRISK+FREAK,0.32286352040816324,0.008928571428571428,0.9910714285714286,0.008928571428571412
106,Industrial_Estate,18.892857142857142,BRISK+FREAK,0.16868622448979592,0.00892857142857143,0.9910714285714284,0.008928571428571468
107,Industrial_Estate,36.330357142857146,BRISK+FREAK,0.3243781887755102,0.008928571428571428,0.9910714285714284,0.008928571428571468
108,Industrial_Estate,31.125,BRISK+FREAK,0.2779017857142857,0.008928571428571428,0.9910714285714286,0.008928571428571412
109,Industrial_Estate,10.169642857142858,BRISK+FREAK,0.09080038265306124,0.008928571428571428,0.9910714285714286,0.008928571428571412
110,Industrial_Estate,79.20535714285714,BRISK+FREAK,0.7071906887755102,0.008928571428571428,0.9910714285714286,0.008928571428571412
111,Industrial_Estate,43.45535714285715,FAST+SIFT,0.3879942602040817,0.008928571428571428,0.9910714285714286,0.008928571428571412
112,Industrial_Estate,22.5,FAST+SIFT,0.20089285714285715,0.008928571428571428,0.9910714285714286,0.008928571428571412
113,Industrial_Estate,38.285714285714285,FAST+SIFT,0.34183673469387754,0.008928571428571428,0.9910714285714286,0.008928571428571412
114,Industrial_Estate,107.34821428571428,FAST+SIFT,0.9584661989795918,0.008928571428571428,0.9910714285714286,0.008928571428571412
115,Industrial_Estate,45.82142857142857,FAST+SIFT,0.4091198979591836,0.008928571428571428,0.9910714285714284,0.008928571428571468
116,Industrial_Estate,33.642857142857146,FAST+SIFT,0.3003826530612245,0.008928571428571428,0.9910714285714284,0.008928571428571468
117,Industrial_Estate,110.48214285714286,FAST+SIFT,0.9864477040816328,0.00892857142857143,0.9910714285714286,0.008928571428571412
118,Industrial_Estate,403.88392857142856,FAST+SIFT,3.6061065051020407,0.008928571428571428,0.9910714285714286,0.008928571428571412
119,Industrial_Estate,522.3214285714286,FAST+SIFT,4.6635841836734695,0.00892857142857143,0.9910714285714284,0.008928571428571468
120,Industrial_Estate,567.6071428571429,FAST+SIFT,5.067920918367348,0.00892857142857143,0.9910714285714286,0.008928571428571412
121,Industrial_Estate,500.3571428571428,FAST+SIFT,4.467474489795918,0.008928571428571428,0.9910714285714286,0.008928571428571412
122,Industrial_Estate,299.70535714285717,FAST+SIFT,2.6759406887755106,0.00892857142857143,0.9910714285714288,0.008928571428571357
123,Industrial_Estate,292.01785714285717,FAST+SIFT,2.607302295918368,0.008928571428571428,0.9910714285714286,0.008928571428571412
124,Industrial_Estate,289.82142857142856,FAST+SIFT,2.5876913265306123,0.00892857142857143,0.9910714285714286,0.008928571428571412
125,Industrial_Estate,41.75,FAST+SIFT,0.3727678571428572,0.008928571428571428,0.9910714285714286,0.008928571428571412
126,Industrial_Estate,107.70535714285714,FAST+SIFT,0.961654974489796,0.008928571428571428,0.9910714285714286,0.008928571428571412
127,Industrial_Estate,216.33035714285717,FAST+SIFT,1.9315210459183676,0.008928571428571428,0.9910714285714284,0.008928571428571468
128,Industrial_Estate,414.1875,FAST+SIFT,3.698102678571429,0.008928571428571428,0.9910714285714284,0.008928571428571468
129,Industrial_Estate,475.82142857142856,FAST+SIFT,4.2484056122448965,0.008928571428571428,0.9910714285714286,0.008928571428571412
130,Industrial_Estate,472.0803571428572,FAST+SIFT,4.215003188775509,0.008928571428571428,0.9910714285714286,0.008928571428571412
131,Industrial_Estate,237.0,FAST+SIFT,2.1160714285714284,0.008928571428571428,0.9910714285714286,0.008928571428571412
132,Industrial_Estate,54.151785714285715,FAST+SIFT,0.4834980867346939,0.00892857142857143,0.9910714285714286,0.008928571428571412
133,Industrial_Estate,34.732142857142854,FAST+SIFT,0.3101084183673469,0.00892857142857143,0.9910714285714284,0.008928571428571468
134,Industrial_Estate,56.25,FAST+SIFT,0.5022321428571429,0.00892857142857143,0.9910714285714284,0.008928571428571468
135,Industrial_Estate,81.77678571428571,FAST+SIFT,0.7301498724489796,0.008928571428571428,0.9910714285714286,0.008928571428571412
136,Industrial_Estate,329.8482142857143,FAST+SIFT,2.9450733418367347,0.00892857142857143,0.9910714285714284,0.008928571428571468
137,Industrial_Estate,247.375,FAST+SIFT,2.208705357142857,0.008928571428571428,0.9910714285714286,0.008928571428571412
138,Industrial_Estate,28.25,FAST+SIFT,0.25223214285714285,0.008928571428571428,0.9910714285714286,0.008928571428571412
139,Industrial_Estate,43.41964285714285,FAST+SIFT,0.3876753826530612,0.008928571428571428,0.9910714285714284,0.008928571428571468
140,Industrial_Estate,37.61607142857143,FAST+SIFT,0.3358577806122449,0.008928571428571428,0.9910714285714286,0.008928571428571412
141,Industrial_Estate,46.04464285714285,FAST+SIFT,0.4111128826530612,0.008928571428571428,0.9910714285714284,0.008928571428571468
142,Industrial_Estate,58.23214285714285,FAST+SIFT,0.5199298469387755,0.00892857142857143,0.9910714285714286,0.008928571428571412
143,Industrial_Estate,41.00892857142857,FAST+SIFT,0.3661511479591836,0.008928571428571428,0.9910714285714284,0.008928571428571468
144,Industrial_Estate,32.875,FAST+SIFT,0.2935267857142857,0.008928571428571428,0.9910714285714286,0.008928571428571412
145,Industrial_Estate,81.09821428571429,FAST+SIFT,0.7240911989795918,0.008928571428571428,0.9910714285714286,0.008928571428571412
146,Industrial_Estate,47.16964285714285,FAST+SIFT,0.4211575255102041,0.00892857142857143,0.9910714285714286,0.008928571428571412
147,Industrial_Estate,42.535714285714285,FAST+SIFT,0.3797831632653061,0.008928571428571428,0.9910714285714284,0.008928571428571468
148,Industrial_Estate,56.401785714285715,FAST+SIFT,0.5035873724489796,0.008928571428571428,0.9910714285714286,0.008928571428571412
149,Industrial_Estate,146.70535714285714,FAST+SIFT,1.3098692602040816,0.008928571428571428,0.9910714285714284,0.008928571428571468
150,Industrial_Estate,197.08035714285717,FAST+SIFT,1.7596460459183674,0.008928571428571428,0.9910714285714284,0.008928571428571468
151,Industrial_Estate,161.83928571428572,FAST+SIFT,1.4449936224489797,0.008928571428571428,0.9910714285714286,0.008928571428571412
152,Industrial_Estate,217.51785714285717,FAST+SIFT,1.9421237244897958,0.00892857142857143,0.9910714285714286,0.008928571428571412
153,Industrial_Estate,89.1875,FAST+SIFT,0.7963169642857143,0.008928571428571428,0.9910714285714286,0.008928571428571412
154,Industrial_Estate,61.70535714285714,FAST+SIFT,0.5509406887755103,0.00892857142857143,0.9910714285714284,0.008928571428571468
155,Industrial_Estate,140.70535714285714,FAST+SIFT,1.256297831632653,0.008928571428571428,0.9910714285714286,0.008928571428571412
156,Industrial_Estate,182.63392857142856,FAST+SIFT,1.6306600765306123,0.008928571428571428,0.9910714285714286,0.008928571428571412
157,Industrial_Estate,237.98214285714286,FAST+SIFT,2.1248405612244903,0.008928571428571428,0.9910714285714286,0.008928571428571412
158,Industrial_Estate,276.4642857142857,FAST+SIFT,2.46843112244898,0.008928571428571428,0.9910714285714286,0.008928571428571412
159,Industrial_Estate,141.70535714285714,FAST+SIFT,1.2652264030612244,0.008928571428571428,0.9910714285714284,0.008928571428571468
160,Industrial_Estate,69.89285714285714,FAST+SIFT,0.6240433673469388,0.00892857142857143,0.9910714285714284,0.008928571428571468
161,Industrial_Estate,72.55357142857143,FAST+SIFT,0.6477997448979592,0.008928571428571428,0.9910714285714288,0.008928571428571357
162,Industrial_Estate,76.32142857142857,FAST+SIFT,0.6814413265306122,0.008928571428571428,0.9910714285714284,0.008928571428571468
163,Industrial_Estate,48.66964285714285,FAST+SIFT,0.4345503826530612,0.008928571428571428,0.9910714285714284,0.008928571428571468
164,Industrial_Estate,37.294642857142854,FAST+SIFT,0.3329878826530612,0.008928571428571428,0.9910714285714284,0.008928571428571468
165,Industrial_Estate,42.80357142857143,FAST+SIFT,0.3821747448979592,0.008928571428571428,0.9910714285714286,0.008928571428571412
166,Industrial_Estate,35.8125,FAST+SIFT,0.3197544642857143,0.00892857142857143,0.9910714285714284,0.008928571428571468
167,Industrial_Estate,57.26785714285714,FAST+SIFT,0.5113201530612245,0.008928571428571428,0.9910714285714284,0.008928571428571468
168,Industrial_Estate,45.526785714285715,FAST+SIFT,0.4064891581632653,0.008928571428571428,0.9910714285714284,0.008928571428571468
169,Industrial_Estate,48.04464285714285,FAST+SIFT,0.4289700255102041,0.00892857142857143,0.9910714285714286,0.008928571428571412
170,Industrial_Estate,62.901785714285715,FAST+SIFT,0.5616230867346939,0.008928571428571428,0.9910714285714286,0.008928571428571412
171,Industrial_Estate,48.30357142857143,FAST+SIFT,0.4312818877551021,0.008928571428571428,0.9910714285714284,0.008928571428571468
172,Industrial_Estate,33.392857142857146,FAST+SIFT,0.2981505102040817,0.00892857142857143,0.9910714285714286,0.008928571428571412
173,Industrial_Estate,27.67857142857143,FAST+SIFT,0.2471301020408163,0.008928571428571428,0.9910714285714284,0.008928571428571468
174,Industrial_Estate,69.3125,FAST+SIFT,0.6188616071428571,0.008928571428571428,0.9910714285714284,0.008928571428571468
175,Industrial_Estate,59.125,FAST+SIFT,0.5279017857142857,0.008928571428571428,0.9910714285714286,0.008928571428571412
176,Industrial_Estate,30.80357142857143,FAST+SIFT,0.275031887755102,0.008928571428571428,0.9910714285714286,0.008928571428571412
177,Industrial_Estate,88.01785714285714,FAST+SIFT,0.7858737244897959,0.008928571428571428,0.9910714285714286,0.008928571428571412
178,Industrial_Estate,113.82142857142857,FAST+SIFT,1.016262755102041,0.00892857142857143,0.9910714285714284,0.008928571428571468
179,Industrial_Estate,379.7410714285714,FAST+SIFT,3.3905452806122454,0.008928571428571428,0.9910714285714286,0.008928571428571412
180,Industrial_Estate,339.36607142857144,FAST+SIFT,3.0300542091836737,0.00892857142857143,0.9910714285714286,0.008928571428571412
181,Industrial_Estate,542.0625,FAST+SIFT,4.83984375,0.008928571428571428,0.9910714285714286,0.008928571428571412
182,Industrial_Estate,200.34821428571428,FAST+SIFT,1.7888233418367343,0.008928571428571428,0.9910714285714284,0.008928571428571468
183,Industrial_Estate,473.4285714285714,FAST+SIFT,4.2270408163265305,0.008928571428571428,0.9910714285714286,0.008928571428571412
184,Industrial_Estate,439.4196428571428,FAST+SIFT,3.9233896683673466,0.008928571428571428,0.9910714285714286,0.008928571428571412
185,Industrial_Estate,600.9107142857142,FAST+SIFT,5.365274234693878,0.008928571428571428,0.9910714285714286,0.008928571428571412
186,Industrial_Estate,539.0714285714286,FAST+SIFT,4.813137755102041,0.008928571428571428,0.9910714285714286,0.008928571428571412
187,Industrial_Estate,447.41071428571433,FAST+SIFT,3.994738520408163,0.008928571428571428,0.9910714285714284,0.008928571428571468
188,Industrial_Estate,415.1785714285714,FAST+SIFT,3.7069515306122454,0.008928571428571428,0.9910714285714286,0.008928571428571412
189,Industrial_Estate,394.5535714285714,FAST+SIFT,3.5227997448979598,0.008928571428571428,0.9910714285714286,0.008928571428571412
190,Industrial_Estate,217.39285714285717,FAST+SIFT,1.9410076530612244,0.008928571428571428,0.9910714285714284,0.008928571428571468
191,Industrial_Estate,111.36607142857143,FAST+SIFT,0.9943399234693878,0.00892857142857143,0.9910714285714286,0.008928571428571412
192,Industrial_Estate,44.25892857142857,FAST+SIFT,0.3951690051020408,0.008928571428571428,0.9910714285714286,0.008928571428571412
193,Industrial_Estate,50.401785714285715,FAST+SIFT,0.45001594387755106,0.008928571428571428,0.9910714285714284,0.008928571428571468
194,Industrial_Estate,57.25,FAST+SIFT,0.5111607142857143,0.008928571428571428,0.9910714285714286,0.008928571428571412
195,Industrial_Estate,59.38392857142857,FAST+SIFT,0.5302136479591837,0.00892857142857143,0.9910714285714284,0.008928571428571468
196,Industrial_Estate,34.38392857142857,FAST+SIFT,0.30699936224489793,0.008928571428571428,0.9910714285714288,0.008928571428571357
197,Industrial_Estate,46.625,FAST+SIFT,0.4162946428571429,0.008928571428571428,0.9910714285714284,0.008928571428571468
198,Industrial_Estate,45.54464285714285,FAST+SIFT,0.4066485969387755,0.008928571428571428,0.9910714285714286,0.008928571428571412
199,Industrial_Estate,106.38392857142857,FAST+SIFT,0.9498565051020408,0.008928571428571428,0.9910714285714284,0.008928571428571468
200,Industrial_Estate,146.26785714285714,FAST+SIFT,1.3059630102040816,0.008928571428571428,0.9910714285714284,0.008928571428571468
201,Industrial_Estate,59.3125,FAST+SIFT,0.5295758928571429,0.00892857142857143,0.9910714285714284,0.008928571428571468
202,Industrial_Estate,110.79464285714286,FAST+SIFT,0.9892378826530612,0.008928571428571428,0.9910714285714286,0.008928571428571412
203,Industrial_Estate,130.19642857142858,FAST+SIFT,1.1624681122448979,0.008928571428571428,0.9910714285714284,0.008928571428571468
204,Industrial_Estate,164.95535714285714,FAST+SIFT,1.4728156887755102,0.008928571428571428,0.9910714285714286,0.008928571428571412
205,Industrial_Estate,86.45535714285714,FAST+SIFT,0.7719228316326531,0.00892857142857143,0.9910714285714286,0.008928571428571412
206,Industrial_Estate,84.03571428571429,FAST+SIFT,0.7503188775510204,0.008928571428571428,0.9910714285714284,0.008928571428571468
207,Industrial_Estate,17.991071428571427,FAST+SIFT,0.1606345663265306,0.008928571428571428,0.9910714285714284,0.008928571428571468
208,Industrial_Estate,68.32142857142857,FAST+SIFT,0.6100127551020408,0.008928571428571428,0.9910714285714284,0.008928571428571468
209,Industrial_Estate,84.35714285714286,FAST+SIFT,0.7531887755102041,0.008928571428571428,0.9910714285714284,0.008928571428571468
210,Industrial_Estate,85.74107142857143,FAST+SIFT,0.7655452806122449,0.008928571428571428,0.9910714285714286,0.008928571428571412
211,Industrial_Estate,186.89285714285717,FAST+SIFT,1.6686862244897958,0.00892857142857143,0.9910714285714286,0.008928571428571412
212,Industrial_Estate,322.9642857142857,FAST+SIFT,2.8836096938775517,0.00892857142857143,0.9910714285714286,0.008928571428571412
213,Industrial_Estate,355.21428571428567,FAST+SIFT,3.17155612244898,0.008928571428571428,0.9910714285714286,0.008928571428571412
214,Industrial_Estate,561.3125,FAST+SIFT,5.01171875,0.008928571428571428,0.9910714285714286,0.008928571428571412
215,Industrial_Estate,246.05357142857144,FAST+SIFT,2.196906887755102,0.00892857142857143,0.9910714285714286,0.008928571428571412
216,Industrial_Estate,195.28571428571428,FAST+SIFT,1.7436224489795915,0.008928571428571428,0.9910714285714286,0.008928571428571412
217,Industrial_Estate,145.15178571428572,FAST+SIFT,1.295998086734694,0.008928571428571428,0.9910714285714284,0.008928571428571468
218,Industrial_Estate,127.83928571428572,FAST+SIFT,1.141422193877551,0.00892857142857143,0.9910714285714286,0.008928571428571412
219,Industrial_Estate,55.16071428571429,FAST+SIFT,0.4925063775510204,0.008928571428571428,0.9910714285714284,0.008928571428571468
220,Industrial_Estate,75.66071428571429,FAST+SIFT,0.6755420918367347,0.008928571428571428,0.9910714285714286,0.008928571428571412
221,Industrial_Estate,72.50892857142857,FAST+SIFT,0.6474011479591837,0.00892857142857143,0.9910714285714284,0.008928571428571468
222,Industrial_Estate,23.0,FAST+SIFT,0.20535714285714285,0.008928571428571428,0.9910714285714286,0.008928571428571412
223,Industrial_Estate,150.83035714285714,FAST+SIFT,1.3466996173469388,0.008928571428571428,0.9910714285714286,0.008928571428571412
224,Industrial_Estate,45.49107142857143,AGAST+SIFT,0.4061702806122449,0.008928571428571428,0.9910714285714286,0.008928571428571412
225,Industrial_Estate,23.61607142857143,AGAST+SIFT,0.2108577806122449,0.008928571428571428,0.9910714285714286,0.008928571428571412
226,Industrial_Estate,39.99107142857143,AGAST+SIFT,0.3570631377551021,0.008928571428571428,0.9910714285714284,0.008928571428571468
227,Industrial_Estate,118.58035714285714,AGAST+SIFT,1.0587531887755102,0.008928571428571428,0.9910714285714286,0.008928571428571412
228,Industrial_Estate,48.45535714285714,AGAST+SIFT,0.4326371173469388,0.00892857142857143,0.9910714285714286,0.008928571428571412
229,Industrial_Estate,35.285714285714285,AGAST+SIFT,0.31505102040816324,0.008928571428571428,0.9910714285714286,0.008928571428571412
230,Industrial_Estate,118.29464285714286,AGAST+SIFT,1.056202168367347,0.00892857142857143,0.9910714285714286,0.008928571428571412
231,Industrial_Estate,443.16071428571433,AGAST+SIFT,3.956792091836735,0.008928571428571428,0.9910714285714284,0.008928571428571468
232,Industrial_Estate,573.7410714285714,AGAST+SIFT,5.1226881377551035,0.00892857142857143,0.9910714285714286,0.008928571428571412
233,Industrial_Estate,620.9107142857142,AGAST+SIFT,5.543845663265307,0.00892857142857143,0.9910714285714286,0.008928571428571412
234,Industrial_Estate,549.1785714285714,AGAST+SIFT,4.903380102040817,0.008928571428571428,0.9910714285714284,0.008928571428571468
235,Industrial_Estate,326.25,AGAST+SIFT,2.9129464285714284,0.008928571428571428,0.9910714285714284,0.008928571428571468
236,Industrial_Estate,318.89285714285717,AGAST+SIFT,2.8472576530612246,0.008928571428571428,0.9910714285714286,0.008928571428571412
237,Industrial_Estate,315.6607142857143,AGAST+SIFT,2.818399234693877,0.008928571428571428,0.9910714285714286,0.008928571428571412
238,Industrial_Estate,45.464285714285715,AGAST+SIFT,0.4059311224489796,0.008928571428571428,0.9910714285714286,0.008928571428571412
239,Industrial_Estate,115.02678571428572,AGAST+SIFT,1.0270248724489794,0.008928571428571428,0.9910714285714286,0.008928571428571412
240,Industrial_Estate,230.17857142857144,AGAST+SIFT,2.0551658163265305,0.008928571428571428,0.9910714285714286,0.008928571428571412
241,Industrial_Estate,449.3660714285714,AGAST+SIFT,4.0121970663265305,0.008928571428571428,0.9910714285714286,0.008928571428571412
242,Industrial_Estate,522.5446428571429,AGAST+SIFT,4.665577168367348,0.00892857142857143,0.9910714285714286,0.008928571428571412
243,Industrial_Estate,515.5535714285714,AGAST+SIFT,4.6031568877551035,0.00892857142857143,0.9910714285714284,0.008928571428571468
244,Industrial_Estate,256.30357142857144,AGAST+SIFT,2.2884247448979598,0.008928571428571428,0.9910714285714286,0.008928571428571412
245,Industrial_Estate,59.04464285714285,AGAST+SIFT,0.5271843112244897,0.008928571428571428,0.9910714285714286,0.008928571428571412
246,Industrial_Estate,38.348214285714285,AGAST+SIFT,0.34239477040816324,0.008928571428571428,0.9910714285714286,0.008928571428571412
247,Industrial_Estate,64.08035714285714,AGAST+SIFT,0.5721460459183673,0.008928571428571428,0.9910714285714286,0.008928571428571412
248,Industrial_Estate,93.21428571428572,AGAST+SIFT,0.8322704081632653,0.008928571428571428,0.9910714285714284,0.008928571428571468
249,Industrial_Estate,368.97321428571433,AGAST+SIFT,3.2944036989795915,0.00892857142857143,0.9910714285714286,0.008928571428571412
250,Industrial_Estate,307.74107142857144,AGAST+SIFT,2.747688137755102,0.008928571428571428,0.9910714285714284,0.008928571428571468
251,Industrial_Estate,29.392857142857146,AGAST+SIFT,0.2624362244897959,0.008928571428571428,0.9910714285714284,0.008928571428571468
252,Industrial_Estate,46.94642857142857,AGAST+SIFT,0.41916454081632654,0.00892857142857143,0.9910714285714286,0.008928571428571412
253,Industrial_Estate,39.8125,AGAST+SIFT,0.35546875,0.008928571428571428,0.9910714285714286,0.008928571428571412
254,Industrial_Estate,48.41071428571429,AGAST+SIFT,0.4322385204081632,0.008928571428571428,0.9910714285714286,0.008928571428571412
255,Industrial_Estate,60.9375,AGAST+SIFT,0.5440848214285714,0.008928571428571428,0.9910714285714286,0.008928571428571412
256,Industrial_Estate,42.50892857142857,AGAST+SIFT,0.3795440051020408,0.008928571428571428,0.9910714285714286,0.008928571428571412
257,Industrial_Estate,35.839285714285715,AGAST+SIFT,0.3199936224489796,0.008928571428571428,0.9910714285714288,0.008928571428571357
258,Industrial_Estate,96.0,AGAST+SIFT,0.8571428571428571,0.008928571428571428,0.9910714285714284,0.008928571428571468
259,Industrial_Estate,49.03571428571429,AGAST+SIFT,0.4378188775510204,0.008928571428571428,0.9910714285714284,0.008928571428571468
260,Industrial_Estate,45.3125,AGAST+SIFT,0.4045758928571429,0.008928571428571428,0.9910714285714284,0.008928571428571468
261,Industrial_Estate,59.41071428571429,AGAST+SIFT,0.5304528061224489,0.008928571428571428,0.9910714285714286,0.008928571428571412
262,Industrial_Estate,156.92857142857142,AGAST+SIFT,1.4011479591836733,0.008928571428571428,0.9910714285714286,0.008928571428571412
263,Industrial_Estate,210.44642857142856,AGAST+SIFT,1.8789859693877555,0.00892857142857143,0.9910714285714286,0.008928571428571412
264,Industrial_Estate,170.72321428571428,AGAST+SIFT,1.524314413265306,0.00892857142857143,0.9910714285714286,0.008928571428571412
265,Industrial_Estate,230.78571428571428,AGAST+SIFT,2.060586734693877,0.008928571428571428,0.9910714285714284,0.008928571428571468
266,Industrial_Estate,94.34821428571428,AGAST+SIFT,0.8423947704081634,0.008928571428571428,0.9910714285714286,0.008928571428571412
267,Industrial_Estate,65.0625,AGAST+SIFT,0.5809151785714286,0.00892857142857143,0.9910714285714284,0.008928571428571468
268,Industrial_Estate,154.45535714285714,AGAST+SIFT,1.3790656887755102,0.008928571428571428,0.9910714285714286,0.008928571428571412
269,Industrial_Estate,195.17857142857144,AGAST+SIFT,1.7426658163265305,0.008928571428571428,0.9910714285714284,0.008928571428571468
270,Industrial_Estate,254.35714285714286,AGAST+SIFT,2.271045918367347,0.008928571428571428,0.9910714285714286,0.008928571428571412
271,Industrial_Estate,300.20535714285717,AGAST+SIFT,2.6804049744897958,0.008928571428571428,0.9910714285714284,0.008928571428571468
272,Industrial_Estate,150.67857142857142,AGAST+SIFT,1.345344387755102,0.008928571428571428,0.9910714285714286,0.008928571428571412
273,Industrial_Estate,76.3125,AGAST+SIFT,0.6813616071428571,0.008928571428571428,0.9910714285714284,0.008928571428571468
274,Industrial_Estate,77.78571428571429,AGAST+SIFT,0.694515306122449,0.008928571428571428,0.9910714285714284,0.008928571428571468
275,Industrial_Estate,80.27678571428571,AGAST+SIFT,0.7167570153061223,0.008928571428571428,0.9910714285714284,0.008928571428571468
276,Industrial_Estate,52.05357142857143,AGAST+SIFT,0.4647640306122449,0.008928571428571428,0.9910714285714286,0.008928571428571412
277,Industrial_Estate,39.973214285714285,AGAST+SIFT,0.35690369897959184,0.00892857142857143,0.9910714285714284,0.008928571428571468
278,Industrial_Estate,45.625,AGAST+SIFT,0.40736607142857145,0.00892857142857143,0.9910714285714286,0.008928571428571412
279,Industrial_Estate,36.92857142857143,AGAST+SIFT,0.3297193877551021,0.008928571428571428,0.9910714285714284,0.008928571428571468
280,Industrial_Estate,58.99107142857143,AGAST+SIFT,0.5267059948979592,0.008928571428571428,0.9910714285714286,0.008928571428571412
281,Industrial_Estate,47.4375,AGAST+SIFT,0.4235491071428572,0.008928571428571428,0.9910714285714286,0.008928571428571412
282,Industrial_Estate,49.89285714285714,AGAST+SIFT,0.4454719387755102,0.008928571428571428,0.9910714285714284,0.008928571428571468
283,Industrial_Estate,68.44642857142857,AGAST+SIFT,0.6111288265306122,0.008928571428571428,0.9910714285714284,0.008928571428571468
284,Industrial_Estate,51.99107142857143,AGAST+SIFT,0.4642059948979592,0.008928571428571428,0.9910714285714286,0.008928571428571412
285,Industrial_Estate,36.526785714285715,AGAST+SIFT,0.3261320153061225,0.008928571428571428,0.9910714285714286,0.008928571428571412
286,Industrial_Estate,29.892857142857146,AGAST+SIFT,0.2669005102040816,0.008928571428571428,0.9910714285714286,0.008928571428571412
287,Industrial_Estate,74.59821428571429,AGAST+SIFT,0.6660554846938777,0.00892857142857143,0.9910714285714288,0.008928571428571357
288,Industrial_Estate,64.54464285714286,AGAST+SIFT,0.5762914540816327,0.00892857142857143,0.9910714285714286,0.008928571428571412
289,Industrial_Estate,32.1875,AGAST+SIFT,0.28738839285714285,0.008928571428571428,0.9910714285714286,0.008928571428571412
290,Industrial_Estate,97.5,AGAST+SIFT,0.8705357142857143,0.008928571428571428,0.9910714285714286,0.008928571428571412
291,Industrial_Estate,127.41964285714286,AGAST+SIFT,1.1376753826530612,0.008928571428571428,0.9910714285714286,0.008928571428571412
292,Industrial_Estate,412.6875,AGAST+SIFT,3.684709821428572,0.00892857142857143,0.9910714285714286,0.008928571428571412
293,Industrial_Estate,370.25,AGAST+SIFT,3.305803571428572,0.00892857142857143,0.9910714285714286,0.008928571428571412
294,Industrial_Estate,595.0714285714286,AGAST+SIFT,5.313137755102041,0.008928571428571428,0.9910714285714286,0.008928571428571412
295,Industrial_Estate,215.5892857142857,AGAST+SIFT,1.9249043367346936,0.008928571428571428,0.9910714285714286,0.008928571428571412
296,Industrial_Estate,518.2946428571429,AGAST+SIFT,4.627630739795919,0.008928571428571428,0.9910714285714286,0.008928571428571412
297,Industrial_Estate,480.1785714285714,AGAST+SIFT,4.287308673469388,0.00892857142857143,0.9910714285714286,0.008928571428571412
298,Industrial_Estate,659.7321428571429,AGAST+SIFT,5.890465561224491,0.008928571428571428,0.9910714285714286,0.008928571428571412
299,Industrial_Estate,592.8571428571429,AGAST+SIFT,5.293367346938775,0.008928571428571428,0.9910714285714284,0.008928571428571468
300,Industrial_Estate,490.7410714285714,AGAST+SIFT,4.381616709183674,0.008928571428571428,0.9910714285714286,0.008928571428571412
301,Industrial_Estate,455.78571428571433,AGAST+SIFT,4.069515306122448,0.00892857142857143,0.9910714285714284,0.008928571428571468
302,Industrial_Estate,432.72321428571433,AGAST+SIFT,3.86360012755102,0.008928571428571428,0.9910714285714286,0.008928571428571412
303,Industrial_Estate,233.5892857142857,AGAST+SIFT,2.08561862244898,0.008928571428571428,0.9910714285714286,0.008928571428571412
304,Industrial_Estate,118.00892857142857,AGAST+SIFT,1.0536511479591837,0.008928571428571428,0.9910714285714284,0.008928571428571468
305,Industrial_Estate,46.44642857142857,AGAST+SIFT,0.4147002551020408,0.008928571428571428,0.9910714285714286,0.008928571428571412
306,Industrial_Estate,54.86607142857143,AGAST+SIFT,0.4898756377551021,0.008928571428571428,0.9910714285714284,0.008928571428571468
307,Industrial_Estate,62.714285714285715,AGAST+SIFT,0.5599489795918368,0.008928571428571428,0.9910714285714286,0.008928571428571412
308,Industrial_Estate,64.77678571428571,AGAST+SIFT,0.5783641581632653,0.008928571428571428,0.9910714285714284,0.008928571428571468
309,Industrial_Estate,38.080357142857146,AGAST+SIFT,0.3400031887755102,0.008928571428571428,0.9910714285714284,0.008928571428571468
310,Industrial_Estate,51.34821428571429,AGAST+SIFT,0.4584661989795918,0.008928571428571428,0.9910714285714284,0.008928571428571468
311,Industrial_Estate,48.70535714285714,AGAST+SIFT,0.4348692602040817,0.008928571428571428,0.9910714285714286,0.008928571428571412
312,Industrial_Estate,114.03571428571428,AGAST+SIFT,1.0181760204081634,0.008928571428571428,0.9910714285714286,0.008928571428571412
313,Industrial_Estate,157.09821428571428,AGAST+SIFT,1.4026626275510203,0.008928571428571428,0.9910714285714286,0.008928571428571412
314,Industrial_Estate,62.91964285714285,AGAST+SIFT,0.561782525510204,0.008928571428571428,0.9910714285714286,0.008928571428571412
315,Industrial_Estate,118.59821428571428,AGAST+SIFT,1.0589126275510206,0.00892857142857143,0.9910714285714284,0.008928571428571468
316,Industrial_Estate,140.83928571428572,AGAST+SIFT,1.2574936224489797,0.008928571428571428,0.9910714285714286,0.008928571428571412
317,Industrial_Estate,180.66071428571428,AGAST+SIFT,1.6130420918367343,0.008928571428571428,0.9910714285714284,0.008928571428571468
318,Industrial_Estate,92.82142857142857,AGAST+SIFT,0.8287627551020408,0.008928571428571428,0.9910714285714284,0.008928571428571468
319,Industrial_Estate,90.38392857142857,AGAST+SIFT,0.8069993622448979,0.00892857142857143,0.9910714285714286,0.008928571428571412
320,Industrial_Estate,19.357142857142858,AGAST+SIFT,0.17283163265306126,0.008928571428571428,0.9910714285714286,0.008928571428571412
321,Industrial_Estate,74.27678571428571,AGAST+SIFT,0.6631855867346939,0.00892857142857143,0.9910714285714284,0.008928571428571468
322,Industrial_Estate,91.16964285714286,AGAST+SIFT,0.8140146683673469,0.008928571428571428,0.9910714285714284,0.008928571428571468
323,Industrial_Estate,92.41964285714286,AGAST+SIFT,0.8251753826530612,0.008928571428571428,0.9910714285714286,0.008928571428571412
324,Industrial_Estate,200.54464285714286,AGAST+SIFT,1.7905771683673468,0.008928571428571428,0.9910714285714286,0.008928571428571412
325,Industrial_Estate,352.2321428571428,AGAST+SIFT,3.1449298469387754,0.008928571428571428,0.9910714285714284,0.008928571428571468
326,Industrial_Estate,389.25,AGAST+SIFT,3.4754464285714284,0.008928571428571428,0.9910714285714284,0.008928571428571468
327,Industrial_Estate,619.8125,AGAST+SIFT,5.534040178571429,0.00892857142857143,0.9910714285714284,0.008928571428571468
328,Industrial_Estate,264.60714285714283,AGAST+SIFT,2.3625637755102042,0.008928571428571428,0.9910714285714286,0.008928571428571412
329,Industrial_Estate,208.49107142857144,AGAST+SIFT,1.861527423469388,0.008928571428571428,0.9910714285714284,0.008928571428571468
330,Industrial_Estate,152.49107142857142,AGAST+SIFT,1.3615274234693877,0.00892857142857143,0.9910714285714284,0.008928571428571468
331,Industrial_Estate,133.96428571428572,AGAST+SIFT,1.196109693877551,0.008928571428571428,0.9910714285714284,0.008928571428571468
332,Industrial_Estate,57.79464285714285,AGAST+SIFT,0.5160235969387755,0.00892857142857143,0.9910714285714286,0.008928571428571412
333,Industrial_Estate,80.82142857142857,AGAST+SIFT,0.7216198979591837,0.00892857142857143,0.9910714285714284,0.008928571428571468
334,Industrial_Estate,76.52678571428571,AGAST+SIFT,0.6832748724489796,0.008928571428571428,0.9910714285714286,0.008928571428571412
335,Industrial_Estate,23.92857142857143,AGAST+SIFT,0.21364795918367346,0.008928571428571428,0.9910714285714284,0.008928571428571468
336,Industrial_Estate,162.48214285714286,AGAST+SIFT,1.4507334183673468,0.00892857142857143,0.9910714285714286,0.008928571428571412
337,Industrial_Estate,8.9375,SIFT,0.07979910714285714,0.008928571428571428,0.9910714285714284,0.008928571428571468
338,Industrial_Estate,8.928571428571429,SIFT,0.07971938775510204,0.008928571428571428,0.9910714285714286,0.008928571428571412
339,Industrial_Estate,8.928571428571429,SIFT,0.07971938775510204,0.008928571428571428,0.9910714285714286,0.008928571428571412
340,Industrial_Estate,8.928571428571429,SIFT,0.07971938775510204,0.008928571428571428,0.9910714285714286,0.008928571428571412
341,Industrial_Estate,8.928571428571429,SIFT,0.07971938775510204,0.008928571428571428,0.9910714285714286,0.008928571428571412
342,Industrial_Estate,8.928571428571429,SIFT,0.07971938775510204,0.008928571428571428,0.9910714285714286,0.008928571428571412
343,Industrial_Estate,8.928571428571429,SIFT,0.07971938775510204,0.008928571428571428,0.9910714285714286,0.008928571428571412
344,Industrial_Estate,8.928571428571429,SIFT,0.07971938775510204,0.008928571428571428,0.9910714285714286,0.008928571428571412
345,Industrial_Estate,8.928571428571429,SIFT,0.07971938775510204,0.008928571428571428,0.9910714285714286,0.008928571428571412
346,Industrial_Estate,8.928571428571429,SIFT,0.07971938775510204,0.008928571428571428,0.9910714285714286,0.008928571428571412
347,Industrial_Estate,8.928571428571429,SIFT,0.07971938775510204,0.008928571428571428,0.9910714285714286,0.008928571428571412
348,Industrial_Estate,8.928571428571429,SIFT,0.07971938775510204,0.008928571428571428,0.9910714285714286,0.008928571428571412
349,Industrial_Estate,8.928571428571429,SIFT,0.07971938775510204,0.008928571428571428,0.9910714285714286,0.008928571428571412
350,Industrial_Estate,8.928571428571429,SIFT,0.07971938775510204,0.008928571428571428,0.9910714285714286,0.008928571428571412
351,Industrial_Estate,8.928571428571429,SIFT,0.07971938775510204,0.008928571428571428,0.9910714285714286,0.008928571428571412
352,Industrial_Estate,8.928571428571429,SIFT,0.07971938775510204,0.008928571428571428,0.9910714285714286,0.008928571428571412
353,Industrial_Estate,8.928571428571429,SIFT,0.07971938775510204,0.008928571428571428,0.9910714285714286,0.008928571428571412
354,Industrial_Estate,8.928571428571429,SIFT,0.07971938775510204,0.008928571428571428,0.9910714285714286,0.008928571428571412
355,Industrial_Estate,8.9375,SIFT,0.07979910714285714,0.008928571428571428,0.9910714285714284,0.008928571428571468
356,Industrial_Estate,8.928571428571429,SIFT,0.07971938775510204,0.008928571428571428,0.9910714285714286,0.008928571428571412
357,Industrial_Estate,8.928571428571429,SIFT,0.07971938775510204,0.008928571428571428,0.9910714285714286,0.008928571428571412
358,Industrial_Estate,8.928571428571429,SIFT,0.07971938775510204,0.008928571428571428,0.9910714285714286,0.008928571428571412
359,Industrial_Estate,8.928571428571429,SIFT,0.07971938775510204,0.008928571428571428,0.9910714285714286,0.008928571428571412
360,Industrial_Estate,8.928571428571429,SIFT,0.07971938775510204,0.008928571428571428,0.9910714285714286,0.008928571428571412
361,Industrial_Estate,8.928571428571429,SIFT,0.07971938775510204,0.008928571428571428,0.9910714285714286,0.008928571428571412
362,Industrial_Estate,8.928571428571429,SIFT,0.07971938775510204,0.008928571428571428,0.9910714285714286,0.008928571428571412
363,Industrial_Estate,8.928571428571429,SIFT,0.07971938775510204,0.008928571428571428,0.9910714285714286,0.008928571428571412
364,Industrial_Estate,8.928571428571429,SIFT,0.07971938775510204,0.008928571428571428,0.9910714285714286,0.008928571428571412
365,Industrial_Estate,8.9375,SIFT,0.07979910714285714,0.008928571428571428,0.9910714285714284,0.008928571428571468
366,Industrial_Estate,8.928571428571429,SIFT,0.07971938775510204,0.008928571428571428,0.9910714285714286,0.008928571428571412
367,Industrial_Estate,8.928571428571429,SIFT,0.07971938775510204,0.008928571428571428,0.9910714285714286,0.008928571428571412
368,Industrial_Estate,8.928571428571429,SIFT,0.07971938775510204,0.008928571428571428,0.9910714285714286,0.008928571428571412
369,Industrial_Estate,8.928571428571429,SIFT,0.07971938775510204,0.008928571428571428,0.9910714285714286,0.008928571428571412
370,Industrial_Estate,8.928571428571429,SIFT,0.07971938775510204,0.008928571428571428,0.9910714285714286,0.008928571428571412
371,Industrial_Estate,8.928571428571429,SIFT,0.07971938775510204,0.008928571428571428,0.9910714285714286,0.008928571428571412
372,Industrial_Estate,8.928571428571429,SIFT,0.07971938775510204,0.008928571428571428,0.9910714285714286,0.008928571428571412
373,Industrial_Estate,8.928571428571429,SIFT,0.07971938775510204,0.008928571428571428,0.9910714285714286,0.008928571428571412
374,Industrial_Estate,8.928571428571429,SIFT,0.07971938775510204,0.008928571428571428,0.9910714285714286,0.008928571428571412
375,Industrial_Estate,8.928571428571429,SIFT,0.07971938775510204,0.008928571428571428,0.9910714285714286,0.008928571428571412
376,Industrial_Estate,8.928571428571429,SIFT,0.07971938775510204,0.008928571428571428,0.9910714285714286,0.008928571428571412
377,Industrial_Estate,8.928571428571429,SIFT,0.07971938775510204,0.008928571428571428,0.9910714285714286,0.008928571428571412
378,Industrial_Estate,8.928571428571429,SIFT,0.07971938775510204,0.008928571428571428,0.9910714285714286,0.008928571428571412
379,Industrial_Estate,8.928571428571429,SIFT,0.07971938775510204,0.008928571428571428,0.9910714285714286,0.008928571428571412
380,Industrial_Estate,8.928571428571429,SIFT,0.07971938775510204,0.008928571428571428,0.9910714285714286,0.008928571428571412
381,Industrial_Estate,8.928571428571429,SIFT,0.07971938775510204,0.008928571428571428,0.9910714285714286,0.008928571428571412
382,Industrial_Estate,8.928571428571429,SIFT,0.07971938775510204,0.008928571428571428,0.9910714285714286,0.008928571428571412
383,Industrial_Estate,8.928571428571429,SIFT,0.07971938775510204,0.008928571428571428,0.9910714285714286,0.008928571428571412
384,Industrial_Estate,8.928571428571429,SIFT,0.07971938775510204,0.008928571428571428,0.9910714285714286,0.008928571428571412
385,Industrial_Estate,8.928571428571429,SIFT,0.07971938775510204,0.008928571428571428,0.9910714285714286,0.008928571428571412
386,Industrial_Estate,8.928571428571429,SIFT,0.07971938775510204,0.008928571428571428,0.9910714285714286,0.008928571428571412
387,Industrial_Estate,8.928571428571429,SIFT,0.07971938775510204,0.008928571428571428,0.9910714285714286,0.008928571428571412
388,Industrial_Estate,8.928571428571429,SIFT,0.07971938775510204,0.008928571428571428,0.9910714285714286,0.008928571428571412
389,Industrial_Estate,8.928571428571429,SIFT,0.07971938775510204,0.008928571428571428,0.9910714285714286,0.008928571428571412
390,Industrial_Estate,8.928571428571429,SIFT,0.07971938775510204,0.008928571428571428,0.9910714285714286,0.008928571428571412
391,Industrial_Estate,8.928571428571429,SIFT,0.07971938775510204,0.008928571428571428,0.9910714285714286,0.008928571428571412
392,Industrial_Estate,8.928571428571429,SIFT,0.07971938775510204,0.008928571428571428,0.9910714285714286,0.008928571428571412
393,Industrial_Estate,8.928571428571429,SIFT,0.07971938775510204,0.008928571428571428,0.9910714285714286,0.008928571428571412
394,Industrial_Estate,8.928571428571429,SIFT,0.07971938775510204,0.008928571428571428,0.9910714285714286,0.008928571428571412
395,Industrial_Estate,8.9375,SIFT,0.07979910714285714,0.008928571428571428,0.9910714285714284,0.008928571428571468
396,Industrial_Estate,8.928571428571429,SIFT,0.07971938775510204,0.008928571428571428,0.9910714285714286,0.008928571428571412
397,Industrial_Estate,8.928571428571429,SIFT,0.07971938775510204,0.008928571428571428,0.9910714285714286,0.008928571428571412
398,Industrial_Estate,8.928571428571429,SIFT,0.07971938775510204,0.008928571428571428,0.9910714285714286,0.008928571428571412
399,Industrial_Estate,8.928571428571429,SIFT,0.07971938775510204,0.008928571428571428,0.9910714285714286,0.008928571428571412
400,Industrial_Estate,8.928571428571429,SIFT,0.07971938775510204,0.008928571428571428,0.9910714285714286,0.008928571428571412
401,Industrial_Estate,8.928571428571429,SIFT,0.07971938775510204,0.008928571428571428,0.9910714285714286,0.008928571428571412
402,Industrial_Estate,8.928571428571429,SIFT,0.07971938775510204,0.008928571428571428,0.9910714285714286,0.008928571428571412
403,Industrial_Estate,8.928571428571429,SIFT,0.07971938775510204,0.008928571428571428,0.9910714285714286,0.008928571428571412
404,Industrial_Estate,8.928571428571429,SIFT,0.07971938775510204,0.008928571428571428,0.9910714285714286,0.008928571428571412
405,Industrial_Estate,8.955357142857142,SIFT,0.07995854591836735,0.00892857142857143,0.9910714285714284,0.008928571428571468
406,Industrial_Estate,8.9375,SIFT,0.07979910714285714,0.008928571428571428,0.9910714285714284,0.008928571428571468
407,Industrial_Estate,8.9375,SIFT,0.07979910714285714,0.008928571428571428,0.9910714285714284,0.008928571428571468
408,Industrial_Estate,8.928571428571429,SIFT,0.07971938775510204,0.008928571428571428,0.9910714285714286,0.008928571428571412
409,Industrial_Estate,8.928571428571429,SIFT,0.07971938775510204,0.008928571428571428,0.9910714285714286,0.008928571428571412
410,Industrial_Estate,8.928571428571429,SIFT,0.07971938775510204,0.008928571428571428,0.9910714285714286,0.008928571428571412
411,Industrial_Estate,8.928571428571429,SIFT,0.07971938775510204,0.008928571428571428,0.9910714285714286,0.008928571428571412
412,Industrial_Estate,8.928571428571429,SIFT,0.07971938775510204,0.008928571428571428,0.9910714285714286,0.008928571428571412
413,Industrial_Estate,8.928571428571429,SIFT,0.07971938775510204,0.008928571428571428,0.9910714285714286,0.008928571428571412
414,Industrial_Estate,8.928571428571429,SIFT,0.07971938775510204,0.008928571428571428,0.9910714285714286,0.008928571428571412
415,Industrial_Estate,8.928571428571429,SIFT,0.07971938775510204,0.008928571428571428,0.9910714285714286,0.008928571428571412
416,Industrial_Estate,8.928571428571429,SIFT,0.07971938775510204,0.008928571428571428,0.9910714285714286,0.008928571428571412
417,Industrial_Estate,8.9375,SIFT,0.07979910714285714,0.008928571428571428,0.9910714285714284,0.008928571428571468
418,Industrial_Estate,8.928571428571429,SIFT,0.07971938775510204,0.008928571428571428,0.9910714285714286,0.008928571428571412
419,Industrial_Estate,8.928571428571429,SIFT,0.07971938775510204,0.008928571428571428,0.9910714285714286,0.008928571428571412
420,Industrial_Estate,8.928571428571429,SIFT,0.07971938775510204,0.008928571428571428,0.9910714285714286,0.008928571428571412
421,Industrial_Estate,8.928571428571429,SIFT,0.07971938775510204,0.008928571428571428,0.9910714285714286,0.008928571428571412
422,Industrial_Estate,8.928571428571429,SIFT,0.07971938775510204,0.008928571428571428,0.9910714285714286,0.008928571428571412
423,Industrial_Estate,8.9375,SIFT,0.07979910714285714,0.008928571428571428,0.9910714285714284,0.008928571428571468
424,Industrial_Estate,8.928571428571429,SIFT,0.07971938775510204,0.008928571428571428,0.9910714285714286,0.008928571428571412
425,Industrial_Estate,8.928571428571429,SIFT,0.07971938775510204,0.008928571428571428,0.9910714285714286,0.008928571428571412
426,Industrial_Estate,8.928571428571429,SIFT,0.07971938775510204,0.008928571428571428,0.9910714285714286,0.008928571428571412
427,Industrial_Estate,8.9375,SIFT,0.07979910714285714,0.008928571428571428,0.9910714285714284,0.008928571428571468
428,Industrial_Estate,8.928571428571429,SIFT,0.07971938775510204,0.008928571428571428,0.9910714285714286,0.008928571428571412
429,Industrial_Estate,8.928571428571429,SIFT,0.07971938775510204,0.008928571428571428,0.9910714285714286,0.008928571428571412
430,Industrial_Estate,8.928571428571429,SIFT,0.07971938775510204,0.008928571428571428,0.9910714285714286,0.008928571428571412
431,Industrial_Estate,8.9375,SIFT,0.07979910714285714,0.008928571428571428,0.9910714285714284,0.008928571428571468
432,Industrial_Estate,8.928571428571429,SIFT,0.07971938775510204,0.008928571428571428,0.9910714285714286,0.008928571428571412
433,Industrial_Estate,8.928571428571429,SIFT,0.07971938775510204,0.008928571428571428,0.9910714285714286,0.008928571428571412
434,Industrial_Estate,8.946428571428571,SIFT,0.07987882653061225,0.00892857142857143,0.9910714285714286,0.008928571428571412
435,Industrial_Estate,8.928571428571429,SIFT,0.07971938775510204,0.008928571428571428,0.9910714285714286,0.008928571428571412
436,Industrial_Estate,8.928571428571429,SIFT,0.07971938775510204,0.008928571428571428,0.9910714285714286,0.008928571428571412
437,Industrial_Estate,8.928571428571429,SIFT,0.07971938775510204,0.008928571428571428,0.9910714285714286,0.008928571428571412
438,Industrial_Estate,8.928571428571429,SIFT,0.07971938775510204,0.008928571428571428,0.9910714285714286,0.008928571428571412
439,Industrial_Estate,8.9375,SIFT,0.07979910714285714,0.008928571428571428,0.9910714285714284,0.008928571428571468
440,Industrial_Estate,8.928571428571429,SIFT,0.07971938775510204,0.008928571428571428,0.9910714285714286,0.008928571428571412
441,Industrial_Estate,8.946428571428571,SIFT,0.07987882653061225,0.00892857142857143,0.9910714285714286,0.008928571428571412
442,Industrial_Estate,8.928571428571429,SIFT,0.07971938775510204,0.008928571428571428,0.9910714285714286,0.008928571428571412
443,Industrial_Estate,8.928571428571429,SIFT,0.07971938775510204,0.008928571428571428,0.9910714285714286,0.008928571428571412
444,Industrial_Estate,8.928571428571429,SIFT,0.07971938775510204,0.008928571428571428,0.9910714285714286,0.008928571428571412
445,Industrial_Estate,8.928571428571429,SIFT,0.07971938775510204,0.008928571428571428,0.9910714285714286,0.008928571428571412
446,Industrial_Estate,8.928571428571429,SIFT,0.07971938775510204,0.008928571428571428,0.9910714285714286,0.008928571428571412
447,Industrial_Estate,8.928571428571429,SIFT,0.07971938775510204,0.008928571428571428,0.9910714285714286,0.008928571428571412
448,Industrial_Estate,8.928571428571429,SIFT,0.07971938775510204,0.008928571428571428,0.9910714285714286,0.008928571428571412
449,Industrial_Estate,8.928571428571429,SIFT,0.07971938775510204,0.008928571428571428,0.9910714285714286,0.008928571428571412
450,Industrial_Estate,13.392857142857142,SURF,0.11957908163265304,0.008928571428571428,0.9910714285714286,0.008928571428571412
451,Industrial_Estate,13.392857142857142,SURF,0.11957908163265304,0.008928571428571428,0.9910714285714286,0.008928571428571412
452,Industrial_Estate,13.392857142857142,SURF,0.11957908163265304,0.008928571428571428,0.9910714285714286,0.008928571428571412
453,Industrial_Estate,13.401785714285715,SURF,0.11965880102040816,0.008928571428571428,0.9910714285714284,0.008928571428571468
454,Industrial_Estate,13.392857142857142,SURF,0.11957908163265304,0.008928571428571428,0.9910714285714286,0.008928571428571412
455,Industrial_Estate,13.392857142857142,SURF,0.11957908163265304,0.008928571428571428,0.9910714285714286,0.008928571428571412
456,Industrial_Estate,13.401785714285715,SURF,0.11965880102040816,0.008928571428571428,0.9910714285714284,0.008928571428571468
457,Industrial_Estate,13.401785714285715,SURF,0.11965880102040816,0.008928571428571428,0.9910714285714284,0.008928571428571468
458,Industrial_Estate,13.392857142857142,SURF,0.11957908163265304,0.008928571428571428,0.9910714285714286,0.008928571428571412
459,Industrial_Estate,13.392857142857142,SURF,0.11957908163265304,0.008928571428571428,0.9910714285714286,0.008928571428571412
460,Industrial_Estate,13.392857142857142,SURF,0.11957908163265304,0.008928571428571428,0.9910714285714286,0.008928571428571412
461,Industrial_Estate,13.392857142857142,SURF,0.11957908163265304,0.008928571428571428,0.9910714285714286,0.008928571428571412
462,Industrial_Estate,13.392857142857142,SURF,0.11957908163265304,0.008928571428571428,0.9910714285714286,0.008928571428571412
463,Industrial_Estate,13.401785714285715,SURF,0.11965880102040816,0.008928571428571428,0.9910714285714284,0.008928571428571468
464,Industrial_Estate,13.392857142857142,SURF,0.11957908163265304,0.008928571428571428,0.9910714285714286,0.008928571428571412
465,Industrial_Estate,13.392857142857142,SURF,0.11957908163265304,0.008928571428571428,0.9910714285714286,0.008928571428571412
466,Industrial_Estate,13.392857142857142,SURF,0.11957908163265304,0.008928571428571428,0.9910714285714286,0.008928571428571412
467,Industrial_Estate,13.392857142857142,SURF,0.11957908163265304,0.008928571428571428,0.9910714285714286,0.008928571428571412
468,Industrial_Estate,13.401785714285715,SURF,0.11965880102040816,0.008928571428571428,0.9910714285714284,0.008928571428571468
469,Industrial_Estate,13.392857142857142,SURF,0.11957908163265304,0.008928571428571428,0.9910714285714286,0.008928571428571412
470,Industrial_Estate,13.392857142857142,SURF,0.11957908163265304,0.008928571428571428,0.9910714285714286,0.008928571428571412
471,Industrial_Estate,13.392857142857142,SURF,0.11957908163265304,0.008928571428571428,0.9910714285714286,0.008928571428571412
472,Industrial_Estate,13.392857142857142,SURF,0.11957908163265304,0.008928571428571428,0.9910714285714286,0.008928571428571412
473,Industrial_Estate,13.392857142857142,SURF,0.11957908163265304,0.008928571428571428,0.9910714285714286,0.008928571428571412
474,Industrial_Estate,13.392857142857142,SURF,0.11957908163265304,0.008928571428571428,0.9910714285714286,0.008928571428571412
475,Industrial_Estate,13.392857142857142,SURF,0.11957908163265304,0.008928571428571428,0.9910714285714286,0.008928571428571412
476,Industrial_Estate,13.392857142857142,SURF,0.11957908163265304,0.008928571428571428,0.9910714285714286,0.008928571428571412
477,Industrial_Estate,13.392857142857142,SURF,0.11957908163265304,0.008928571428571428,0.9910714285714286,0.008928571428571412
478,Industrial_Estate,13.392857142857142,SURF,0.11957908163265304,0.008928571428571428,0.9910714285714286,0.008928571428571412
479,Industrial_Estate,13.392857142857142,SURF,0.11957908163265304,0.008928571428571428,0.9910714285714286,0.008928571428571412
480,Industrial_Estate,13.392857142857142,SURF,0.11957908163265304,0.008928571428571428,0.9910714285714286,0.008928571428571412
481,Industrial_Estate,13.392857142857142,SURF,0.11957908163265304,0.008928571428571428,0.9910714285714286,0.008928571428571412
482,Industrial_Estate,13.392857142857142,SURF,0.11957908163265304,0.008928571428571428,0.9910714285714286,0.008928571428571412
483,Industrial_Estate,13.392857142857142,SURF,0.11957908163265304,0.008928571428571428,0.9910714285714286,0.008928571428571412
484,Industrial_Estate,13.392857142857142,SURF,0.11957908163265304,0.008928571428571428,0.9910714285714286,0.008928571428571412
485,Industrial_Estate,13.392857142857142,SURF,0.11957908163265304,0.008928571428571428,0.9910714285714286,0.008928571428571412
486,Industrial_Estate,13.392857142857142,SURF,0.11957908163265304,0.008928571428571428,0.9910714285714286,0.008928571428571412
487,Industrial_Estate,13.392857142857142,SURF,0.11957908163265304,0.008928571428571428,0.9910714285714286,0.008928571428571412
488,Industrial_Estate,13.392857142857142,SURF,0.11957908163265304,0.008928571428571428,0.9910714285714286,0.008928571428571412
489,Industrial_Estate,13.401785714285715,SURF,0.11965880102040816,0.008928571428571428,0.9910714285714284,0.008928571428571468
490,Industrial_Estate,13.410714285714285,SURF,0.11973852040816327,0.008928571428571428,0.9910714285714286,0.008928571428571412
491,Industrial_Estate,13.392857142857142,SURF,0.11957908163265304,0.008928571428571428,0.9910714285714286,0.008928571428571412
492,Industrial_Estate,13.392857142857142,SURF,0.11957908163265304,0.008928571428571428,0.9910714285714286,0.008928571428571412
493,Industrial_Estate,13.392857142857142,SURF,0.11957908163265304,0.008928571428571428,0.9910714285714286,0.008928571428571412
494,Industrial_Estate,13.392857142857142,SURF,0.11957908163265304,0.008928571428571428,0.9910714285714286,0.008928571428571412
495,Industrial_Estate,13.392857142857142,SURF,0.11957908163265304,0.008928571428571428,0.9910714285714286,0.008928571428571412
496,Industrial_Estate,13.392857142857142,SURF,0.11957908163265304,0.008928571428571428,0.9910714285714286,0.008928571428571412
497,Industrial_Estate,13.392857142857142,SURF,0.11957908163265304,0.008928571428571428,0.9910714285714286,0.008928571428571412
498,Industrial_Estate,13.392857142857142,SURF,0.11957908163265304,0.008928571428571428,0.9910714285714286,0.008928571428571412
499,Industrial_Estate,13.392857142857142,SURF,0.11957908163265304,0.008928571428571428,0.9910714285714286,0.008928571428571412
500,Industrial_Estate,13.392857142857142,SURF,0.11957908163265304,0.008928571428571428,0.9910714285714286,0.008928571428571412
501,Industrial_Estate,13.401785714285715,SURF,0.11965880102040816,0.008928571428571428,0.9910714285714284,0.008928571428571468
502,Industrial_Estate,13.392857142857142,SURF,0.11957908163265304,0.008928571428571428,0.9910714285714286,0.008928571428571412
503,Industrial_Estate,13.401785714285715,SURF,0.11965880102040816,0.008928571428571428,0.9910714285714284,0.008928571428571468
504,Industrial_Estate,13.392857142857142,SURF,0.11957908163265304,0.008928571428571428,0.9910714285714286,0.008928571428571412
505,Industrial_Estate,13.392857142857142,SURF,0.11957908163265304,0.008928571428571428,0.9910714285714286,0.008928571428571412
506,Industrial_Estate,13.392857142857142,SURF,0.11957908163265304,0.008928571428571428,0.9910714285714286,0.008928571428571412
507,Industrial_Estate,13.401785714285715,SURF,0.11965880102040816,0.008928571428571428,0.9910714285714284,0.008928571428571468
508,Industrial_Estate,13.392857142857142,SURF,0.11957908163265304,0.008928571428571428,0.9910714285714286,0.008928571428571412
509,Industrial_Estate,13.401785714285715,SURF,0.11965880102040816,0.008928571428571428,0.9910714285714284,0.008928571428571468
510,Industrial_Estate,13.392857142857142,SURF,0.11957908163265304,0.008928571428571428,0.9910714285714286,0.008928571428571412
511,Industrial_Estate,13.410714285714285,SURF,0.11973852040816327,0.008928571428571428,0.9910714285714286,0.008928571428571412
512,Industrial_Estate,13.392857142857142,SURF,0.11957908163265304,0.008928571428571428,0.9910714285714286,0.008928571428571412
513,Industrial_Estate,13.392857142857142,SURF,0.11957908163265304,0.008928571428571428,0.9910714285714286,0.008928571428571412
514,Industrial_Estate,13.392857142857142,SURF,0.11957908163265304,0.008928571428571428,0.9910714285714286,0.008928571428571412
515,Industrial_Estate,13.392857142857142,SURF,0.11957908163265304,0.008928571428571428,0.9910714285714286,0.008928571428571412
516,Industrial_Estate,13.392857142857142,SURF,0.11957908163265304,0.008928571428571428,0.9910714285714286,0.008928571428571412
517,Industrial_Estate,13.392857142857142,SURF,0.11957908163265304,0.008928571428571428,0.9910714285714286,0.008928571428571412
518,Industrial_Estate,13.392857142857142,SURF,0.11957908163265304,0.008928571428571428,0.9910714285714286,0.008928571428571412
519,Industrial_Estate,13.392857142857142,SURF,0.11957908163265304,0.008928571428571428,0.9910714285714286,0.008928571428571412
520,Industrial_Estate,13.392857142857142,SURF,0.11957908163265304,0.008928571428571428,0.9910714285714286,0.008928571428571412
521,Industrial_Estate,13.392857142857142,SURF,0.11957908163265304,0.008928571428571428,0.9910714285714286,0.008928571428571412
522,Industrial_Estate,13.392857142857142,SURF,0.11957908163265304,0.008928571428571428,0.9910714285714286,0.008928571428571412
523,Industrial_Estate,13.392857142857142,SURF,0.11957908163265304,0.008928571428571428,0.9910714285714286,0.008928571428571412
524,Industrial_Estate,13.392857142857142,SURF,0.11957908163265304,0.008928571428571428,0.9910714285714286,0.008928571428571412
525,Industrial_Estate,13.392857142857142,SURF,0.11957908163265304,0.008928571428571428,0.9910714285714286,0.008928571428571412
526,Industrial_Estate,13.392857142857142,SURF,0.11957908163265304,0.008928571428571428,0.9910714285714286,0.008928571428571412
527,Industrial_Estate,13.392857142857142,SURF,0.11957908163265304,0.008928571428571428,0.9910714285714286,0.008928571428571412
528,Industrial_Estate,13.392857142857142,SURF,0.11957908163265304,0.008928571428571428,0.9910714285714286,0.008928571428571412
529,Industrial_Estate,13.392857142857142,SURF,0.11957908163265304,0.008928571428571428,0.9910714285714286,0.008928571428571412
530,Industrial_Estate,13.392857142857142,SURF,0.11957908163265304,0.008928571428571428,0.9910714285714286,0.008928571428571412
531,Industrial_Estate,13.392857142857142,SURF,0.11957908163265304,0.008928571428571428,0.9910714285714286,0.008928571428571412
532,Industrial_Estate,13.392857142857142,SURF,0.11957908163265304,0.008928571428571428,0.9910714285714286,0.008928571428571412
533,Industrial_Estate,13.401785714285715,SURF,0.11965880102040816,0.008928571428571428,0.9910714285714284,0.008928571428571468
534,Industrial_Estate,13.392857142857142,SURF,0.11957908163265304,0.008928571428571428,0.9910714285714286,0.008928571428571412
535,Industrial_Estate,13.392857142857142,SURF,0.11957908163265304,0.008928571428571428,0.9910714285714286,0.008928571428571412
536,Industrial_Estate,13.410714285714285,SURF,0.11973852040816327,0.008928571428571428,0.9910714285714286,0.008928571428571412
537,Industrial_Estate,13.392857142857142,SURF,0.11957908163265304,0.008928571428571428,0.9910714285714286,0.008928571428571412
538,Industrial_Estate,13.392857142857142,SURF,0.11957908163265304,0.008928571428571428,0.9910714285714286,0.008928571428571412
539,Industrial_Estate,13.392857142857142,SURF,0.11957908163265304,0.008928571428571428,0.9910714285714286,0.008928571428571412
540,Industrial_Estate,13.392857142857142,SURF,0.11957908163265304,0.008928571428571428,0.9910714285714286,0.008928571428571412
541,Industrial_Estate,13.392857142857142,SURF,0.11957908163265304,0.008928571428571428,0.9910714285714286,0.008928571428571412
542,Industrial_Estate,13.392857142857142,SURF,0.11957908163265304,0.008928571428571428,0.9910714285714286,0.008928571428571412
543,Industrial_Estate,13.392857142857142,SURF,0.11957908163265304,0.008928571428571428,0.9910714285714286,0.008928571428571412
544,Industrial_Estate,13.392857142857142,SURF,0.11957908163265304,0.008928571428571428,0.9910714285714286,0.008928571428571412
545,Industrial_Estate,13.392857142857142,SURF,0.11957908163265304,0.008928571428571428,0.9910714285714286,0.008928571428571412
546,Industrial_Estate,13.392857142857142,SURF,0.11957908163265304,0.008928571428571428,0.9910714285714286,0.008928571428571412
547,Industrial_Estate,13.392857142857142,SURF,0.11957908163265304,0.008928571428571428,0.9910714285714286,0.008928571428571412
548,Industrial_Estate,13.392857142857142,SURF,0.11957908163265304,0.008928571428571428,0.9910714285714286,0.008928571428571412
549,Industrial_Estate,13.392857142857142,SURF,0.11957908163265304,0.008928571428571428,0.9910714285714286,0.008928571428571412
550,Industrial_Estate,13.392857142857142,SURF,0.11957908163265304,0.008928571428571428,0.9910714285714286,0.008928571428571412
551,Industrial_Estate,13.392857142857142,SURF,0.11957908163265304,0.008928571428571428,0.9910714285714286,0.008928571428571412
552,Industrial_Estate,13.392857142857142,SURF,0.11957908163265304,0.008928571428571428,0.9910714285714286,0.008928571428571412
553,Industrial_Estate,13.392857142857142,SURF,0.11957908163265304,0.008928571428571428,0.9910714285714286,0.008928571428571412
554,Industrial_Estate,13.401785714285715,SURF,0.11965880102040816,0.008928571428571428,0.9910714285714284,0.008928571428571468
555,Industrial_Estate,13.392857142857142,SURF,0.11957908163265304,0.008928571428571428,0.9910714285714286,0.008928571428571412
556,Industrial_Estate,13.392857142857142,SURF,0.11957908163265304,0.008928571428571428,0.9910714285714286,0.008928571428571412
557,Industrial_Estate,13.392857142857142,SURF,0.11957908163265304,0.008928571428571428,0.9910714285714286,0.008928571428571412
558,Industrial_Estate,13.392857142857142,SURF,0.11957908163265304,0.008928571428571428,0.9910714285714286,0.008928571428571412
559,Industrial_Estate,13.392857142857142,SURF,0.11957908163265304,0.008928571428571428,0.9910714285714286,0.008928571428571412
560,Industrial_Estate,13.392857142857142,SURF,0.11957908163265304,0.008928571428571428,0.9910714285714286,0.008928571428571412
561,Industrial_Estate,13.392857142857142,SURF,0.11957908163265304,0.008928571428571428,0.9910714285714286,0.008928571428571412
562,Industrial_Estate,13.392857142857142,SURF,0.11957908163265304,0.008928571428571428,0.9910714285714286,0.008928571428571412
